Days since 1/3/23,Company,Value
0.0,1.0,26.969627
0.0,2.0,118.747231
0.0,3.0,63.959999
0.0,4.0,67.239998
1.0,1.0,26.969627
1.0,2.0,118.747231
1.0,3.0,63.959999
1.0,4.0,67.239998
2.0,1.0,26.969627
2.0,2.0,118.747231
2.0,3.0,63.959999
2.0,4.0,67.239998
3.0,1.0,26.969627
3.0,2.0,118.747231
3.0,3.0,63.959999
3.0,4.0,67.239998
4.0,1.0,26.969627
4.0,2.0,118.747231
4.0,3.0,63.959999
4.0,4.0,67.239998
5.0,1.0,26.969627
5.0,2.0,118.747231
5.0,3.0,63.959999
5.0,4.0,67.239998
6.0,1.0,26.969627
6.0,2.0,118.747231
6.0,3.0,63.959999
6.0,4.0,67.239998
7.0,1.0,26.969627
7.0,2.0,118.747231
7.0,3.0,63.959999
7.0,4.0,67.239998
8.0,1.0,26.969627
8.0,2.0,118.747231
8.0,3.0,63.959999
8.0,4.0,67.239998
9.0,1.0,26.969627
9.0,2.0,118.747231
9.0,3.0,63.959999
9.0,4.0,67.239998
10.0,1.0,26.969627
10.0,2.0,118.747231
10.0,3.0,63.959999
10.0,4.0,67.239998
11.0,1.0,26.969627
11.0,2.0,118.747231
11.0,3.0,63.959999
11.0,4.0,67.239998
12.0,1.0,26.969627
12.0,2.0,118.747231
12.0,3.0,63.959999
12.0,4.0,67.239998
13.0,1.0,26.969627
13.0,2.0,118.747231
13.0,3.0,63.959999
13.0,4.0,67.239998
14.0,1.0,26.969627
14.0,2.0,118.747231
14.0,3.0,63.959999
14.0,4.0,67.239998
15.0,1.0,26.969627
15.0,2.0,118.747231
15.0,3.0,63.959999
15.0,4.0,67.239998
16.0,1.0,26.969627
16.0,2.0,118.747231
16.0,3.0,63.959999
16.0,4.0,67.239998
17.0,1.0,26.969627
17.0,2.0,118.747231
17.0,3.0,63.959999
17.0,4.0,67.239998
18.0,1.0,26.969627
18.0,2.0,118.747231
18.0,3.0,63.959999
18.0,4.0,67.239998
19.0,1.0,26.969627
19.0,2.0,118.747231
19.0,3.0,63.959999
19.0,4.0,67.239998
20.0,1.0,26.969627
20.0,2.0,118.747231
20.0,3.0,63.959999
20.0,4.0,67.239998
21.0,1.0,26.969627
21.0,2.0,118.747231
21.0,3.0,63.959999
21.0,4.0,67.239998
22.0,1.0,26.969627
22.0,2.0,118.747231
22.0,3.0,63.959999
22.0,4.0,67.239998
23.0,1.0,26.969627
23.0,2.0,118.747231
23.0,3.0,63.959999
23.0,4.0,67.239998
24.0,1.0,26.969627
24.0,2.0,118.747231
24.0,3.0,63.959999
24.0,4.0,67.239998
25.0,1.0,26.969627
25.0,2.0,118.747231
25.0,3.0,63.959999
25.0,4.0,67.239998
26.0,1.0,26.969627
26.0,2.0,118.747231
26.0,3.0,63.959999
26.0,4.0,67.239998
27.0,1.0,26.969627
27.0,2.0,118.747231
27.0,3.0,63.959999
27.0,4.0,67.239998
28.0,1.0,26.969627
28.0,2.0,118.747231
28.0,3.0,63.959999
28.0,4.0,67.239998
29.0,1.0,26.969627
29.0,2.0,118.747231
29.0,3.0,63.959999
29.0,4.0,67.239998
30.0,1.0,26.969627
30.0,2.0,118.747231
30.0,3.0,63.959999
30.0,4.0,67.239998
31.0,1.0,26.969627
31.0,2.0,118.747231
31.0,3.0,63.959999
31.0,4.0,67.239998
32.0,1.0,26.969627
32.0,2.0,118.747231
32.0,3.0,63.959999
32.0,4.0,67.239998
33.0,1.0,26.969627
33.0,2.0,118.747231
33.0,3.0,63.959999
33.0,4.0,67.239998
34.0,1.0,26.969627
34.0,2.0,118.747231
34.0,3.0,63.959999
34.0,4.0,67.239998
35.0,1.0,26.969627
35.0,2.0,118.747231
35.0,3.0,63.959999
35.0,4.0,67.239998
36.0,1.0,26.969627
36.0,2.0,118.747231
36.0,3.0,63.959999
36.0,4.0,67.239998
37.0,1.0,26.969627
37.0,2.0,118.747231
37.0,3.0,63.959999
37.0,4.0,67.239998
38.0,1.0,26.969627
38.0,2.0,118.747231
38.0,3.0,63.959999
38.0,4.0,67.239998
39.0,1.0,26.969627
39.0,2.0,118.747231
39.0,3.0,63.959999
39.0,4.0,67.239998
40.0,1.0,26.969627
40.0,2.0,118.747231
40.0,3.0,63.959999
40.0,4.0,67.239998
41.0,1.0,26.969627
41.0,2.0,118.747231
41.0,3.0,63.959999
41.0,4.0,67.239998
42.0,1.0,26.969627
42.0,2.0,118.747231
42.0,3.0,63.959999
42.0,4.0,67.239998
43.0,1.0,26.969627
43.0,2.0,118.747231
43.0,3.0,63.959999
43.0,4.0,67.239998
44.0,1.0,26.969627
44.0,2.0,118.747231
44.0,3.0,63.959999
44.0,4.0,67.239998
45.0,1.0,26.969627
45.0,2.0,118.747231
45.0,3.0,63.959999
45.0,4.0,67.239998
46.0,1.0,26.969627
46.0,2.0,118.747231
46.0,3.0,63.959999
46.0,4.0,67.239998
47.0,1.0,26.969627
47.0,2.0,118.747231
47.0,3.0,63.959999
47.0,4.0,67.239998
48.0,1.0,26.969627
48.0,2.0,118.747231
48.0,3.0,63.959999
48.0,4.0,67.239998
49.0,1.0,26.969627
49.0,2.0,118.747231
49.0,3.0,63.959999
49.0,4.0,67.239998
50.0,1.0,26.969627
50.0,2.0,118.747231
50.0,3.0,63.959999
50.0,4.0,67.239998
51.0,1.0,26.969627
51.0,2.0,118.747231
51.0,3.0,63.959999
51.0,4.0,67.239998
52.0,1.0,26.969627
52.0,2.0,118.747231
52.0,3.0,63.959999
52.0,4.0,67.239998
53.0,1.0,26.969627
53.0,2.0,118.747231
53.0,3.0,63.959999
53.0,4.0,67.239998
54.0,1.0,26.969627
54.0,2.0,118.747231
54.0,3.0,63.959999
54.0,4.0,67.239998
55.0,1.0,26.969627
55.0,2.0,118.747231
55.0,3.0,63.959999
55.0,4.0,67.239998
56.0,1.0,26.969627
56.0,2.0,118.747231
56.0,3.0,63.959999
56.0,4.0,67.239998
57.0,1.0,26.969627
57.0,2.0,118.747231
57.0,3.0,63.959999
57.0,4.0,67.239998
58.0,1.0,26.969627
58.0,2.0,118.747231
58.0,3.0,63.959999
58.0,4.0,67.239998
59.0,1.0,26.969627
59.0,2.0,118.747231
59.0,3.0,63.959999
59.0,4.0,67.239998
60.0,1.0,26.969627
60.0,2.0,118.747231
60.0,3.0,63.959999
60.0,4.0,67.239998
61.0,1.0,26.969627
61.0,2.0,118.747231
61.0,3.0,63.959999
61.0,4.0,67.239998
62.0,1.0,26.969627
62.0,2.0,118.747231
62.0,3.0,63.959999
62.0,4.0,67.239998
63.0,1.0,26.969627
63.0,2.0,118.747231
63.0,3.0,63.959999
63.0,4.0,67.239998
64.0,1.0,26.969627
64.0,2.0,118.747231
64.0,3.0,63.959999
64.0,4.0,67.239998
65.0,1.0,26.969627
65.0,2.0,118.747231
65.0,3.0,63.959999
65.0,4.0,67.239998
66.0,1.0,26.969627
66.0,2.0,118.747231
66.0,3.0,63.959999
66.0,4.0,67.239998
67.0,1.0,26.969627
67.0,2.0,118.747231
67.0,3.0,63.959999
67.0,4.0,67.239998
68.0,1.0,26.969627
68.0,2.0,118.747231
68.0,3.0,63.959999
68.0,4.0,67.239998
69.0,1.0,26.969627
69.0,2.0,118.747231
69.0,3.0,63.959999
69.0,4.0,67.239998
70.0,1.0,26.969627
70.0,2.0,118.747231
70.0,3.0,63.959999
70.0,4.0,67.239998
71.0,1.0,26.969627
71.0,2.0,118.747231
71.0,3.0,63.959999
71.0,4.0,67.239998
72.0,1.0,26.969627
72.0,2.0,118.747231
72.0,3.0,63.959999
72.0,4.0,67.239998
73.0,1.0,26.969627
73.0,2.0,118.747231
73.0,3.0,63.959999
73.0,4.0,67.239998
74.0,1.0,26.969627
74.0,2.0,118.747231
74.0,3.0,63.959999
74.0,4.0,67.239998
75.0,1.0,26.969627
75.0,2.0,118.747231
75.0,3.0,63.959999
75.0,4.0,67.239998
76.0,1.0,26.969627
76.0,2.0,118.747231
76.0,3.0,63.959999
76.0,4.0,67.239998
77.0,1.0,26.969627
77.0,2.0,118.747231
77.0,3.0,63.959999
77.0,4.0,67.239998
78.0,1.0,26.969627
78.0,2.0,118.747231
78.0,3.0,63.959999
78.0,4.0,67.239998
79.0,1.0,26.969627
79.0,2.0,118.747231
79.0,3.0,63.959999
79.0,4.0,67.239998
80.0,1.0,26.969627
80.0,2.0,118.747231
80.0,3.0,63.959999
80.0,4.0,67.239998
81.0,1.0,26.969627
81.0,2.0,118.747231
81.0,3.0,63.959999
81.0,4.0,67.239998
82.0,1.0,26.969627
82.0,2.0,118.747231
82.0,3.0,63.959999
82.0,4.0,67.239998
83.0,1.0,26.969627
83.0,2.0,118.747231
83.0,3.0,63.959999
83.0,4.0,67.239998
84.0,1.0,26.969627
84.0,2.0,118.747231
84.0,3.0,63.959999
84.0,4.0,67.239998
85.0,1.0,26.969627
85.0,2.0,118.747231
85.0,3.0,63.959999
85.0,4.0,67.239998
86.0,1.0,26.969627
86.0,2.0,118.747231
86.0,3.0,63.959999
86.0,4.0,67.239998
87.0,1.0,26.969627
87.0,2.0,118.747231
87.0,3.0,63.959999
87.0,4.0,67.239998
88.0,1.0,26.969627
88.0,2.0,118.747231
88.0,3.0,63.959999
88.0,4.0,67.239998
89.0,1.0,26.969627
89.0,2.0,118.747231
89.0,3.0,63.959999
89.0,4.0,67.239998
90.0,1.0,26.969627
90.0,2.0,118.747231
90.0,3.0,63.959999
90.0,4.0,67.239998
91.0,1.0,26.969627
91.0,2.0,118.747231
91.0,3.0,63.959999
91.0,4.0,67.239998
92.0,1.0,26.969627
92.0,2.0,118.747231
92.0,3.0,63.959999
92.0,4.0,67.239998
93.0,1.0,26.969627
93.0,2.0,118.747231
93.0,3.0,63.959999
93.0,4.0,67.239998
94.0,1.0,26.969627
94.0,2.0,118.747231
94.0,3.0,63.959999
94.0,4.0,67.239998
95.0,1.0,26.969627
95.0,2.0,118.747231
95.0,3.0,63.959999
95.0,4.0,67.239998
96.0,1.0,26.969627
96.0,2.0,118.747231
96.0,3.0,63.959999
96.0,4.0,67.239998
97.0,1.0,26.969627
97.0,2.0,118.747231
97.0,3.0,63.959999
97.0,4.0,67.239998
98.0,1.0,26.969627
98.0,2.0,118.747231
98.0,3.0,63.959999
98.0,4.0,67.239998
99.0,1.0,26.969627
99.0,2.0,118.747231
99.0,3.0,63.959999
99.0,4.0,67.239998
100.0,1.0,26.969627
100.0,2.0,118.747231
100.0,3.0,63.959999
100.0,4.0,67.239998
101.0,1.0,26.969627
101.0,2.0,118.747231
101.0,3.0,63.959999
101.0,4.0,67.239998
102.0,1.0,26.969627
102.0,2.0,118.747231
102.0,3.0,63.959999
102.0,4.0,67.239998
103.0,1.0,26.969627
103.0,2.0,118.747231
103.0,3.0,63.959999
103.0,4.0,67.239998
104.0,1.0,26.969627
104.0,2.0,118.747231
104.0,3.0,63.959999
104.0,4.0,67.239998
105.0,1.0,26.969627
105.0,2.0,118.747231
105.0,3.0,63.959999
105.0,4.0,67.239998
106.0,1.0,26.969627
106.0,2.0,118.747231
106.0,3.0,63.959999
106.0,4.0,67.239998
107.0,1.0,26.969627
107.0,2.0,118.747231
107.0,3.0,63.959999
107.0,4.0,67.239998
108.0,1.0,26.969627
108.0,2.0,118.747231
108.0,3.0,63.959999
108.0,4.0,67.239998
109.0,1.0,26.969627
109.0,2.0,118.747231
109.0,3.0,63.959999
109.0,4.0,67.239998
110.0,1.0,26.969627
110.0,2.0,118.747231
110.0,3.0,63.959999
110.0,4.0,67.239998
111.0,1.0,26.969627
111.0,2.0,118.747231
111.0,3.0,63.959999
111.0,4.0,67.239998
112.0,1.0,26.969627
112.0,2.0,118.747231
112.0,3.0,63.959999
112.0,4.0,67.239998
113.0,1.0,26.969627
113.0,2.0,118.747231
113.0,3.0,63.959999
113.0,4.0,67.239998
114.0,1.0,26.969627
114.0,2.0,118.747231
114.0,3.0,63.959999
114.0,4.0,67.239998
115.0,1.0,26.969627
115.0,2.0,118.747231
115.0,3.0,63.959999
115.0,4.0,67.239998
116.0,1.0,26.969627
116.0,2.0,118.747231
116.0,3.0,63.959999
116.0,4.0,67.239998
117.0,1.0,26.969627
117.0,2.0,118.747231
117.0,3.0,63.959999
117.0,4.0,67.239998
118.0,1.0,26.969627
118.0,2.0,118.747231
118.0,3.0,63.959999
118.0,4.0,67.239998
119.0,1.0,26.969627
119.0,2.0,118.747231
119.0,3.0,63.959999
119.0,4.0,67.239998
120.0,1.0,26.969627
120.0,2.0,118.747231
120.0,3.0,63.959999
120.0,4.0,67.239998
121.0,1.0,26.969627
121.0,2.0,118.747231
121.0,3.0,63.959999
121.0,4.0,67.239998
122.0,1.0,26.969627
122.0,2.0,118.747231
122.0,3.0,63.959999
122.0,4.0,67.239998
123.0,1.0,26.969627
123.0,2.0,118.747231
123.0,3.0,63.959999
123.0,4.0,67.239998
124.0,1.0,26.969627
124.0,2.0,118.747231
124.0,3.0,63.959999
124.0,4.0,67.239998
125.0,1.0,26.969627
125.0,2.0,118.747231
125.0,3.0,63.959999
125.0,4.0,67.239998
126.0,1.0,26.969627
126.0,2.0,118.747231
126.0,3.0,63.959999
126.0,4.0,67.239998
127.0,1.0,26.969627
127.0,2.0,118.747231
127.0,3.0,63.959999
127.0,4.0,67.239998
128.0,1.0,26.969627
128.0,2.0,118.747231
128.0,3.0,63.959999
128.0,4.0,67.239998
129.0,1.0,26.969627
129.0,2.0,118.747231
129.0,3.0,63.959999
129.0,4.0,67.239998
130.0,1.0,26.969627
130.0,2.0,118.747231
130.0,3.0,63.959999
130.0,4.0,67.239998
131.0,1.0,26.969627
131.0,2.0,118.747231
131.0,3.0,63.959999
131.0,4.0,67.239998
132.0,1.0,26.969627
132.0,2.0,118.747231
132.0,3.0,63.959999
132.0,4.0,67.239998
133.0,1.0,26.969627
133.0,2.0,118.747231
133.0,3.0,63.959999
133.0,4.0,67.239998
134.0,1.0,26.969627
134.0,2.0,118.747231
134.0,3.0,63.959999
134.0,4.0,67.239998
135.0,1.0,26.969627
135.0,2.0,118.747231
135.0,3.0,63.959999
135.0,4.0,67.239998
136.0,1.0,26.969627
136.0,2.0,118.747231
136.0,3.0,63.959999
136.0,4.0,67.239998
137.0,1.0,26.969627
137.0,2.0,118.747231
137.0,3.0,63.959999
137.0,4.0,67.239998
138.0,1.0,26.969627
138.0,2.0,118.747231
138.0,3.0,63.959999
138.0,4.0,67.239998
139.0,1.0,26.969627
139.0,2.0,118.747231
139.0,3.0,63.959999
139.0,4.0,67.239998
140.0,1.0,26.969627
140.0,2.0,118.747231
140.0,3.0,63.959999
140.0,4.0,67.239998
141.0,1.0,26.969627
141.0,2.0,118.747231
141.0,3.0,63.959999
141.0,4.0,67.239998
142.0,1.0,26.969627
142.0,2.0,118.747231
142.0,3.0,63.959999
142.0,4.0,67.239998
143.0,1.0,26.969627
143.0,2.0,118.747231
143.0,3.0,63.959999
143.0,4.0,67.239998
144.0,1.0,26.969627
144.0,2.0,118.747231
144.0,3.0,63.959999
144.0,4.0,67.239998
145.0,1.0,26.969627
145.0,2.0,118.747231
145.0,3.0,63.959999
145.0,4.0,67.239998
146.0,1.0,26.969627
146.0,2.0,118.747231
146.0,3.0,63.959999
146.0,4.0,67.239998
147.0,1.0,26.969627
147.0,2.0,118.747231
147.0,3.0,63.959999
147.0,4.0,67.239998
148.0,1.0,26.969627
148.0,2.0,118.747231
148.0,3.0,63.959999
148.0,4.0,67.239998
149.0,1.0,26.969627
149.0,2.0,118.747231
149.0,3.0,63.959999
149.0,4.0,67.239998
150.0,1.0,26.969627
150.0,2.0,118.747231
150.0,3.0,63.959999
150.0,4.0,67.239998
151.0,1.0,26.969627
151.0,2.0,118.747231
151.0,3.0,63.959999
151.0,4.0,67.239998
152.0,1.0,26.969627
152.0,2.0,118.747231
152.0,3.0,63.959999
152.0,4.0,67.239998
153.0,1.0,26.969627
153.0,2.0,118.747231
153.0,3.0,63.959999
153.0,4.0,67.239998
154.0,1.0,26.969627
154.0,2.0,118.747231
154.0,3.0,63.959999
154.0,4.0,67.239998
155.0,1.0,26.969627
155.0,2.0,118.747231
155.0,3.0,63.959999
155.0,4.0,67.239998
156.0,1.0,26.969627
156.0,2.0,118.747231
156.0,3.0,63.959999
156.0,4.0,67.239998
157.0,1.0,26.969627
157.0,2.0,118.747231
157.0,3.0,63.959999
157.0,4.0,67.239998
158.0,1.0,26.969627
158.0,2.0,118.747231
158.0,3.0,63.959999
158.0,4.0,67.239998
159.0,1.0,26.969627
159.0,2.0,118.747231
159.0,3.0,63.959999
159.0,4.0,67.239998
160.0,1.0,26.969627
160.0,2.0,118.747231
160.0,3.0,63.959999
160.0,4.0,67.239998
161.0,1.0,26.969627
161.0,2.0,118.747231
161.0,3.0,63.959999
161.0,4.0,67.239998
162.0,1.0,26.969627
162.0,2.0,118.747231
162.0,3.0,63.959999
162.0,4.0,67.239998
163.0,1.0,26.969627
163.0,2.0,118.747231
163.0,3.0,63.959999
163.0,4.0,67.239998
164.0,1.0,26.969627
164.0,2.0,118.747231
164.0,3.0,63.959999
164.0,4.0,67.239998
165.0,1.0,26.969627
165.0,2.0,118.747231
165.0,3.0,63.959999
165.0,4.0,67.239998
166.0,1.0,26.969627
166.0,2.0,118.747231
166.0,3.0,63.959999
166.0,4.0,67.239998
167.0,1.0,26.969627
167.0,2.0,118.747231
167.0,3.0,63.959999
167.0,4.0,67.239998
168.0,1.0,26.969627
168.0,2.0,118.747231
168.0,3.0,63.959999
168.0,4.0,67.239998
169.0,1.0,26.969627
169.0,2.0,118.747231
169.0,3.0,63.959999
169.0,4.0,67.239998
170.0,1.0,26.969627
170.0,2.0,118.747231
170.0,3.0,63.959999
170.0,4.0,67.239998
171.0,1.0,26.969627
171.0,2.0,118.747231
171.0,3.0,63.959999
171.0,4.0,67.239998
172.0,1.0,26.969627
172.0,2.0,118.747231
172.0,3.0,63.959999
172.0,4.0,67.239998
173.0,1.0,26.969627
173.0,2.0,118.747231
173.0,3.0,63.959999
173.0,4.0,67.239998
174.0,1.0,26.969627
174.0,2.0,118.747231
174.0,3.0,63.959999
174.0,4.0,67.239998
175.0,1.0,26.969627
175.0,2.0,118.747231
175.0,3.0,63.959999
175.0,4.0,67.239998
176.0,1.0,26.969627
176.0,2.0,118.747231
176.0,3.0,63.959999
176.0,4.0,67.239998
177.0,1.0,26.969627
177.0,2.0,118.747231
177.0,3.0,63.959999
177.0,4.0,67.239998
178.0,1.0,26.969627
178.0,2.0,118.747231
178.0,3.0,63.959999
178.0,4.0,67.239998
179.0,1.0,26.969627
179.0,2.0,118.747231
179.0,3.0,63.959999
179.0,4.0,67.239998
180.0,1.0,26.969627
180.0,2.0,118.747231
180.0,3.0,63.959999
180.0,4.0,67.239998
181.0,1.0,26.969627
181.0,2.0,118.747231
181.0,3.0,63.959999
181.0,4.0,67.239998
182.0,1.0,26.969627
182.0,2.0,118.747231
182.0,3.0,63.959999
182.0,4.0,67.239998
183.0,1.0,26.969627
183.0,2.0,118.747231
183.0,3.0,63.959999
183.0,4.0,67.239998
184.0,1.0,26.969627
184.0,2.0,118.747231
184.0,3.0,63.959999
184.0,4.0,67.239998
185.0,1.0,26.969627
185.0,2.0,118.747231
185.0,3.0,63.959999
185.0,4.0,67.239998
186.0,1.0,26.969627
186.0,2.0,118.747231
186.0,3.0,63.959999
186.0,4.0,67.239998
187.0,1.0,26.969627
187.0,2.0,118.747231
187.0,3.0,63.959999
187.0,4.0,67.239998
188.0,1.0,26.969627
188.0,2.0,118.747231
188.0,3.0,63.959999
188.0,4.0,67.239998
189.0,1.0,26.969627
189.0,2.0,118.747231
189.0,3.0,63.959999
189.0,4.0,67.239998
190.0,1.0,26.969627
190.0,2.0,118.747231
190.0,3.0,63.959999
190.0,4.0,67.239998
191.0,1.0,26.969627
191.0,2.0,118.747231
191.0,3.0,63.959999
191.0,4.0,67.239998
192.0,1.0,26.969627
192.0,2.0,118.747231
192.0,3.0,63.959999
192.0,4.0,67.239998
193.0,1.0,26.969627
193.0,2.0,118.747231
193.0,3.0,63.959999
193.0,4.0,67.239998
194.0,1.0,26.969627
194.0,2.0,118.747231
194.0,3.0,63.959999
194.0,4.0,67.239998
195.0,1.0,26.969627
195.0,2.0,118.747231
195.0,3.0,63.959999
195.0,4.0,67.239998
196.0,1.0,26.969627
196.0,2.0,118.747231
196.0,3.0,63.959999
196.0,4.0,67.239998
197.0,1.0,26.969627
197.0,2.0,118.747231
197.0,3.0,63.959999
197.0,4.0,67.239998
198.0,1.0,26.969627
198.0,2.0,118.747231
198.0,3.0,63.959999
198.0,4.0,67.239998
199.0,1.0,26.969627
199.0,2.0,118.747231
199.0,3.0,63.959999
199.0,4.0,67.239998
200.0,1.0,26.969627
200.0,2.0,118.747231
200.0,3.0,63.959999
200.0,4.0,67.239998
201.0,1.0,26.969627
201.0,2.0,118.747231
201.0,3.0,63.959999
201.0,4.0,67.239998
202.0,1.0,26.969627
202.0,2.0,118.747231
202.0,3.0,63.959999
202.0,4.0,67.239998
203.0,1.0,26.969627
203.0,2.0,118.747231
203.0,3.0,63.959999
203.0,4.0,67.239998
204.0,1.0,26.969627
204.0,2.0,118.747231
204.0,3.0,63.959999
204.0,4.0,67.239998
205.0,1.0,26.969627
205.0,2.0,118.747231
205.0,3.0,63.959999
205.0,4.0,67.239998
206.0,1.0,26.969627
206.0,2.0,118.747231
206.0,3.0,63.959999
206.0,4.0,67.239998
207.0,1.0,26.969627
207.0,2.0,118.747231
207.0,3.0,63.959999
207.0,4.0,67.239998
208.0,1.0,26.969627
208.0,2.0,118.747231
208.0,3.0,63.959999
208.0,4.0,67.239998
209.0,1.0,26.969627
209.0,2.0,118.747231
209.0,3.0,63.959999
209.0,4.0,67.239998
210.0,1.0,26.969627
210.0,2.0,118.747231
210.0,3.0,63.959999
210.0,4.0,67.239998
211.0,1.0,26.969627
211.0,2.0,118.747231
211.0,3.0,63.959999
211.0,4.0,67.239998
212.0,1.0,26.969627
212.0,2.0,118.747231
212.0,3.0,63.959999
212.0,4.0,67.239998
213.0,1.0,26.969627
213.0,2.0,118.747231
213.0,3.0,63.959999
213.0,4.0,67.239998
214.0,1.0,26.969627
214.0,2.0,118.747231
214.0,3.0,63.959999
214.0,4.0,67.239998
215.0,1.0,26.969627
215.0,2.0,118.747231
215.0,3.0,63.959999
215.0,4.0,67.239998
216.0,1.0,26.969627
216.0,2.0,118.747231
216.0,3.0,63.959999
216.0,4.0,67.239998
217.0,1.0,26.969627
217.0,2.0,118.747231
217.0,3.0,63.959999
217.0,4.0,67.239998
218.0,1.0,26.969627
218.0,2.0,118.747231
218.0,3.0,63.959999
218.0,4.0,67.239998
219.0,1.0,26.969627
219.0,2.0,118.747231
219.0,3.0,63.959999
219.0,4.0,67.239998
220.0,1.0,26.969627
220.0,2.0,118.747231
220.0,3.0,63.959999
220.0,4.0,67.239998
221.0,1.0,26.969627
221.0,2.0,118.747231
221.0,3.0,63.959999
221.0,4.0,67.239998
222.0,1.0,26.969627
222.0,2.0,118.747231
222.0,3.0,63.959999
222.0,4.0,67.239998
223.0,1.0,26.969627
223.0,2.0,118.747231
223.0,3.0,63.959999
223.0,4.0,67.239998
224.0,1.0,26.969627
224.0,2.0,118.747231
224.0,3.0,63.959999
224.0,4.0,67.239998
225.0,1.0,26.969627
225.0,2.0,118.747231
225.0,3.0,63.959999
225.0,4.0,67.239998
226.0,1.0,26.969627
226.0,2.0,118.747231
226.0,3.0,63.959999
226.0,4.0,67.239998
227.0,1.0,26.969627
227.0,2.0,118.747231
227.0,3.0,63.959999
227.0,4.0,67.239998
228.0,1.0,26.969627
228.0,2.0,118.747231
228.0,3.0,63.959999
228.0,4.0,67.239998
229.0,1.0,26.969627
229.0,2.0,118.747231
229.0,3.0,63.959999
229.0,4.0,67.239998
230.0,1.0,26.969627
230.0,2.0,118.747231
230.0,3.0,63.959999
230.0,4.0,67.239998
231.0,1.0,26.969627
231.0,2.0,118.747231
231.0,3.0,63.959999
231.0,4.0,67.239998
232.0,1.0,26.969627
232.0,2.0,118.747231
232.0,3.0,63.959999
232.0,4.0,67.239998
233.0,1.0,26.969627
233.0,2.0,118.747231
233.0,3.0,63.959999
233.0,4.0,67.239998
234.0,1.0,26.969627
234.0,2.0,118.747231
234.0,3.0,63.959999
234.0,4.0,67.239998
235.0,1.0,26.969627
235.0,2.0,118.747231
235.0,3.0,63.959999
235.0,4.0,67.239998
236.0,1.0,26.969627
236.0,2.0,118.747231
236.0,3.0,63.959999
236.0,4.0,67.239998
237.0,1.0,26.969627
237.0,2.0,118.747231
237.0,3.0,63.959999
237.0,4.0,67.239998
238.0,1.0,26.969627
238.0,2.0,118.747231
238.0,3.0,63.959999
238.0,4.0,67.239998
239.0,1.0,26.969627
239.0,2.0,118.747231
239.0,3.0,63.959999
239.0,4.0,67.239998
240.0,1.0,26.969627
240.0,2.0,118.747231
240.0,3.0,63.959999
240.0,4.0,67.239998
241.0,1.0,26.969627
241.0,2.0,118.747231
241.0,3.0,63.959999
241.0,4.0,67.239998
242.0,1.0,26.969627
242.0,2.0,118.747231
242.0,3.0,63.959999
242.0,4.0,67.239998
243.0,1.0,26.969627
243.0,2.0,118.747231
243.0,3.0,63.959999
243.0,4.0,67.239998
244.0,1.0,26.969627
244.0,2.0,118.747231
244.0,3.0,63.959999
244.0,4.0,67.239998
245.0,1.0,26.969627
245.0,2.0,118.747231
245.0,3.0,63.959999
245.0,4.0,67.239998
246.0,1.0,26.969627
246.0,2.0,118.747231
246.0,3.0,63.959999
246.0,4.0,67.239998
247.0,1.0,26.969627
247.0,2.0,118.747231
247.0,3.0,63.959999
247.0,4.0,67.239998
248.0,1.0,26.969627
248.0,2.0,118.747231
248.0,3.0,63.959999
248.0,4.0,67.239998
249.0,1.0,26.969627
249.0,2.0,118.747231
249.0,3.0,63.959999
249.0,4.0,67.239998
250.0,1.0,26.969627
250.0,2.0,118.747231
250.0,3.0,63.959999
250.0,4.0,67.239998
251.0,1.0,26.969627
251.0,2.0,118.747231
251.0,3.0,63.959999
251.0,4.0,67.239998
252.0,1.0,26.969627
252.0,2.0,118.747231
252.0,3.0,63.959999
252.0,4.0,67.239998
253.0,1.0,26.969627
253.0,2.0,118.747231
253.0,3.0,63.959999
253.0,4.0,67.239998
254.0,1.0,26.969627
254.0,2.0,118.747231
254.0,3.0,63.959999
254.0,4.0,67.239998
255.0,1.0,26.969627
255.0,2.0,118.747231
255.0,3.0,63.959999
255.0,4.0,67.239998
256.0,1.0,26.969627
256.0,2.0,118.747231
256.0,3.0,63.959999
256.0,4.0,67.239998
257.0,1.0,26.969627
257.0,2.0,118.747231
257.0,3.0,63.959999
257.0,4.0,67.239998
258.0,1.0,26.969627
258.0,2.0,118.747231
258.0,3.0,63.959999
258.0,4.0,67.239998
259.0,1.0,26.969627
259.0,2.0,118.747231
259.0,3.0,63.959999
259.0,4.0,67.239998
260.0,1.0,26.969627
260.0,2.0,118.747231
260.0,3.0,63.959999
260.0,4.0,67.239998
261.0,1.0,26.969627
261.0,2.0,118.747231
261.0,3.0,63.959999
261.0,4.0,67.239998
262.0,1.0,26.969627
262.0,2.0,118.747231
262.0,3.0,63.959999
262.0,4.0,67.239998
263.0,1.0,26.969627
263.0,2.0,118.747231
263.0,3.0,63.959999
263.0,4.0,67.239998
264.0,1.0,26.969627
264.0,2.0,118.747231
264.0,3.0,63.959999
264.0,4.0,67.239998
265.0,1.0,26.969627
265.0,2.0,118.747231
265.0,3.0,63.959999
265.0,4.0,67.239998
266.0,1.0,26.969627
266.0,2.0,118.747231
266.0,3.0,63.959999
266.0,4.0,67.239998
267.0,1.0,26.969627
267.0,2.0,118.747231
267.0,3.0,63.959999
267.0,4.0,67.239998
268.0,1.0,26.969627
268.0,2.0,118.747231
268.0,3.0,63.959999
268.0,4.0,67.239998
269.0,1.0,26.969627
269.0,2.0,118.747231
269.0,3.0,63.959999
269.0,4.0,67.239998
270.0,1.0,26.969627
270.0,2.0,118.747231
270.0,3.0,63.959999
270.0,4.0,67.239998
271.0,1.0,26.969627
271.0,2.0,118.747231
271.0,3.0,63.959999
271.0,4.0,67.239998
272.0,1.0,26.969627
272.0,2.0,118.747231
272.0,3.0,63.959999
272.0,4.0,67.239998
273.0,1.0,26.969627
273.0,2.0,118.747231
273.0,3.0,63.959999
273.0,4.0,67.239998
274.0,1.0,26.969627
274.0,2.0,118.747231
274.0,3.0,63.959999
274.0,4.0,67.239998
275.0,1.0,26.969627
275.0,2.0,118.747231
275.0,3.0,63.959999
275.0,4.0,67.239998
276.0,1.0,26.969627
276.0,2.0,118.747231
276.0,3.0,63.959999
276.0,4.0,67.239998
277.0,1.0,26.969627
277.0,2.0,118.747231
277.0,3.0,63.959999
277.0,4.0,67.239998
278.0,1.0,26.969627
278.0,2.0,118.747231
278.0,3.0,63.959999
278.0,4.0,67.239998
279.0,1.0,26.969627
279.0,2.0,118.747231
279.0,3.0,63.959999
279.0,4.0,67.239998
280.0,1.0,26.969627
280.0,2.0,118.747231
280.0,3.0,63.959999
280.0,4.0,67.239998
281.0,1.0,26.969627
281.0,2.0,118.747231
281.0,3.0,63.959999
281.0,4.0,67.239998
282.0,1.0,26.969627
282.0,2.0,118.747231
282.0,3.0,63.959999
282.0,4.0,67.239998
283.0,1.0,26.969627
283.0,2.0,118.747231
283.0,3.0,63.959999
283.0,4.0,67.239998
284.0,1.0,26.969627
284.0,2.0,118.747231
284.0,3.0,63.959999
284.0,4.0,67.239998
285.0,1.0,26.969627
285.0,2.0,118.747231
285.0,3.0,63.959999
285.0,4.0,67.239998
286.0,1.0,26.969627
286.0,2.0,118.747231
286.0,3.0,63.959999
286.0,4.0,67.239998
287.0,1.0,26.969627
287.0,2.0,118.747231
287.0,3.0,63.959999
287.0,4.0,67.239998
288.0,1.0,26.969627
288.0,2.0,118.747231
288.0,3.0,63.959999
288.0,4.0,67.239998
289.0,1.0,26.969627
289.0,2.0,118.747231
289.0,3.0,63.959999
289.0,4.0,67.239998
290.0,1.0,26.969627
290.0,2.0,118.747231
290.0,3.0,63.959999
290.0,4.0,67.239998
291.0,1.0,26.969627
291.0,2.0,118.747231
291.0,3.0,63.959999
291.0,4.0,67.239998
292.0,1.0,26.969627
292.0,2.0,118.747231
292.0,3.0,63.959999
292.0,4.0,67.239998
293.0,1.0,26.969627
293.0,2.0,118.747231
293.0,3.0,63.959999
293.0,4.0,67.239998
294.0,1.0,26.969627
294.0,2.0,118.747231
294.0,3.0,63.959999
294.0,4.0,67.239998
295.0,1.0,26.969627
295.0,2.0,118.747231
295.0,3.0,63.959999
295.0,4.0,67.239998
296.0,1.0,26.969627
296.0,2.0,118.747231
296.0,3.0,63.959999
296.0,4.0,67.239998
297.0,1.0,26.969627
297.0,2.0,118.747231
297.0,3.0,63.959999
297.0,4.0,67.239998
298.0,1.0,26.969627
298.0,2.0,118.747231
298.0,3.0,63.959999
298.0,4.0,67.239998
299.0,1.0,26.969627
299.0,2.0,118.747231
299.0,3.0,63.959999
299.0,4.0,67.239998
300.0,1.0,26.969627
300.0,2.0,118.747231
300.0,3.0,63.959999
300.0,4.0,67.239998
301.0,1.0,26.969627
301.0,2.0,118.747231
301.0,3.0,63.959999
301.0,4.0,67.239998
302.0,1.0,26.969627
302.0,2.0,118.747231
302.0,3.0,63.959999
302.0,4.0,67.239998
303.0,1.0,26.969627
303.0,2.0,118.747231
303.0,3.0,63.959999
303.0,4.0,67.239998
304.0,1.0,26.969627
304.0,2.0,118.747231
304.0,3.0,63.959999
304.0,4.0,67.239998
305.0,1.0,26.969627
305.0,2.0,118.747231
305.0,3.0,63.959999
305.0,4.0,67.239998
306.0,1.0,26.969627
306.0,2.0,118.747231
306.0,3.0,63.959999
306.0,4.0,67.239998
307.0,1.0,26.969627
307.0,2.0,118.747231
307.0,3.0,63.959999
307.0,4.0,67.239998
308.0,1.0,26.969627
308.0,2.0,118.747231
308.0,3.0,63.959999
308.0,4.0,67.239998
309.0,1.0,26.969627
309.0,2.0,118.747231
309.0,3.0,63.959999
309.0,4.0,67.239998
310.0,1.0,26.969627
310.0,2.0,118.747231
310.0,3.0,63.959999
310.0,4.0,67.239998
311.0,1.0,26.969627
311.0,2.0,118.747231
311.0,3.0,63.959999
311.0,4.0,67.239998
312.0,1.0,26.969627
312.0,2.0,118.747231
312.0,3.0,63.959999
312.0,4.0,67.239998
313.0,1.0,26.969627
313.0,2.0,118.747231
313.0,3.0,63.959999
313.0,4.0,67.239998
314.0,1.0,26.969627
314.0,2.0,118.747231
314.0,3.0,63.959999
314.0,4.0,67.239998
315.0,1.0,26.969627
315.0,2.0,118.747231
315.0,3.0,63.959999
315.0,4.0,67.239998
316.0,1.0,26.969627
316.0,2.0,118.747231
316.0,3.0,63.959999
316.0,4.0,67.239998
317.0,1.0,26.969627
317.0,2.0,118.747231
317.0,3.0,63.959999
317.0,4.0,67.239998
318.0,1.0,26.969627
318.0,2.0,118.747231
318.0,3.0,63.959999
318.0,4.0,67.239998
319.0,1.0,26.969627
319.0,2.0,118.747231
319.0,3.0,63.959999
319.0,4.0,67.239998
320.0,1.0,26.969627
320.0,2.0,118.747231
320.0,3.0,63.959999
320.0,4.0,67.239998
321.0,1.0,26.969627
321.0,2.0,118.747231
321.0,3.0,63.959999
321.0,4.0,67.239998
322.0,1.0,26.969627
322.0,2.0,118.747231
322.0,3.0,63.959999
322.0,4.0,67.239998
323.0,1.0,26.969627
323.0,2.0,118.747231
323.0,3.0,63.959999
323.0,4.0,67.239998
324.0,1.0,26.969627
324.0,2.0,118.747231
324.0,3.0,63.959999
324.0,4.0,67.239998
325.0,1.0,26.969627
325.0,2.0,118.747231
325.0,3.0,63.959999
325.0,4.0,67.239998
326.0,1.0,26.969627
326.0,2.0,118.747231
326.0,3.0,63.959999
326.0,4.0,67.239998
327.0,1.0,26.969627
327.0,2.0,118.747231
327.0,3.0,63.959999
327.0,4.0,67.239998
